Modelo,Features,R²_train,R²_test,MAE_test,RMSE_test,color,GAP_R²_vs_anterior
B0 — Media global,ninguna,0.0,-0.0006056666189782067,95.57892401201673,111.29272352158486,#BDBDBD,
B1 — Media (mes × hora × día_semana),"mes, hora, día_semana",0.8868649397558247,0.20138573703600138,78.53693943114556,99.42688252791156,#9E9E9E,0.202
B2 — LR (temperatura),Temperatura,0.0026758177074930334,0.020659380885081347,93.157602395767,110.10376635493,#90CAF9,-0.1807
B3 — LR (temp + tiempo cíclico),temp + hora/dow (sin/cos),0.5729172640692604,0.5342459158847745,61.396061406203295,75.9300397718971,#42A5F5,0.5136
B4 — LR (temp + tiempo + WiFi)  ★,temp + tiempo + Ocupacion_Simulada,0.7895878856920096,0.8353055430299727,35.2237213623977,45.15177030478198,#FF8F00,0.3011
B5 — XGBoost (temp + tiempo + WiFi),igual que B4 pero no-lineal,0.9398886561393738,0.9228958487510681,20.50518035888672,30.89400450184722,#F4511E,0.0876
B6 — XGBoost (todas las features CSV),todas las features disponibles,0.9743381142616272,0.9443458914756775,17.156551361083984,26.24726199448299,#C62828,0.0215
